year,month,day,RPT,VAL,ROS,KIL,SHA,BIR,DUB,CLA,MUL,CLO,BEL,MAL
1961,1,1,15.04,14.96,13.17,9.29,NaN,9.87,13.67,10.25,10.83,12.58,18.5,15.04
1961,1,2,14.71,NaN,10.83,6.5,12.62,7.67,11.5,10.04,9.79,9.67,17.54,13.83
1961,1,3,18.5,16.88,12.33,10.13,11.17,6.17,11.25,NaN,8.5,7.67,12.75,12.71
1961,1,4,10.58,6.63,11.75,4.58,4.54,2.88,8.63,1.79,5.83,5.88,5.46,10.88
1961,1,5,13.33,13.25,11.42,6.17,10.71,8.21,11.92,6.54,10.92,10.34,12.92,11.83
1961,1,6,13.21,8.12,9.96,6.67,5.37,4.5,10.67,4.42,7.17,7.5,8.12,13.17
1961,1,7,13.5,14.29,9.5,4.96,12.29,8.33,9.17,9.29,7.58,7.96,13.96,13.79
1961,1,8,10.96,9.75,7.62,5.91,9.62,7.29,14.29,7.62,9.25,10.46,16.62,16.46
1961,1,9,12.58,10.83,10,4.75,10.37,6.79,8.04,10.13,7.79,9.08,13.04,15.37
1961,1,10,13.37,11.12,19.5,8.33,9.71,6.54,11.42,7.79,8.54,9,8.58,11.83
1961,1,11,10.58,9.87,8.42,2.79,8.71,7.25,7.54,8.33,5.71,8.67,20.71,16.92
1961,1,12,19.75,12.08,18.5,10.54,10.29,9.46,15.54,11.5,10.37,14.58,15.59,14.09
1961,1,13,9.92,3.54,8.46,2.96,2.29,0.96,4.63,0.58,2.33,3.37,5.25,7.04
1961,1,14,9.04,5.66,7.08,0.67,2.71,1.38,3.08,2.58,0.5,2.67,7.17,5.17
1961,1,15,12.04,9.67,11.75,2.37,7.38,3.13,2.5,6.83,4.75,5.63,7.54,6.75
1961,1,16,16.42,11.25,15.67,4.71,11.34,6.92,9.25,8.79,8.21,7.33,13.04,9.04
1961,1,17,17.75,14.37,17.33,10.13,13.96,13.37,13.42,11.04,8.71,11.38,15.92,16.08
1961,1,18,19.83,12.04,20.79,18.54,NaN,10.29,17.83,11.38,14.67,16.71,8.79,17.96
1961,1,19,4.92,3.42,7.29,1.04,3.67,3.17,3.71,2.79,1.92,2.71,6.87,7.83
1961,1,20,9.59,11.83,7.96,1.58,7.92,5,3.17,4.92,3.13,3.37,6.5,6.79
1961,1,21,14.33,10.25,11.92,6.13,10.04,7.67,8.04,9.17,7.04,7.87,6.75,12.42
1961,1,22,9.59,5.88,9.92,2.17,6.87,5.5,9.38,7.04,6.34,7.5,10.88,9.92
1961,1,23,16.54,9.96,18.54,10.46,13.5,12.67,13.7,13.75,10.75,13.17,14.79,20.58
1961,1,24,25.04,14.83,25.84,15.67,21.46,18.58,20.38,19.38,15.37,15.12,23.09,25.25
1961,1,25,13.62,11.17,12.67,6.04,10,9.42,9.25,8.71,7.12,12.04,14.04,17.5
1961,1,26,24.37,18.79,17.5,14.25,18.91,15.67,14.33,15.16,16.08,19.08,20.5,25.25
1961,1,27,22.04,20.79,17.41,16.21,19.04,16.13,16.79,18.29,18.66,19.08,26.08,27.63
1961,1,28,17.67,13.54,13.33,8.87,15.04,11.63,12.25,10.58,11.92,11.04,20.3,18.12
1961,1,29,NaN,23.91,22.29,17.54,24.08,19.7,22,20.25,21.46,19.95,27.71,23.38
1961,1,30,12.21,11.42,10.92,7.92,13.08,9.62,14.5,10.21,9.92,11.96,18.88,19.25
1961,1,31,24.21,19.55,16.71,11.96,14.42,10.46,14.88,8.21,10.5,9.96,12.42,13.92
1961,2,1,14.25,15.12,9.04,5.88,12.08,7.17,10.17,3.63,6.5,5.5,9.17,8
1961,2,2,20.17,24.21,10,6.54,17.37,7.17,10.88,6.08,9.08,7.12,12.08,7.17
1961,2,3,14.37,11.71,11.04,5.09,9.87,5.83,8.5,5.13,6.34,7.38,9.71,8.83
1961,2,4,10.58,9.46,10.92,8.71,12.46,11.46,12.54,11.04,13.04,11.17,16.5,11.71
1961,2,5,22,16.75,19.7,11.63,14.25,12.04,13.96,15.54,13.37,13.13,19.33,14.67
1961,2,6,24.5,20.75,20.62,15.37,25.33,17.62,19.17,18.79,18.96,14.46,26.38,21.84
1961,2,7,18.05,14.37,14.88,9.75,10.96,11.17,14.21,9.71,13.04,12.25,15.21,17.58
1961,2,8,24.54,21.42,21.34,11.63,17.04,14.21,16.5,17.33,14.67,17.79,23.79,19.58
1961,2,9,17.41,15.92,13.67,10.71,14,12.92,14.37,15.71,14.46,14.67,23.04,19.21
1961,2,10,20.5,11.54,19.67,10.04,8.12,8.08,11.08,12.54,11.12,12.96,17.83,17.75
1961,2,11,16.79,14,13.7,9.54,15.83,13.29,17.5,15.5,15.83,14.33,21.17,21.09
1961,2,12,16,16.92,17.25,8.38,11.75,10.37,11.71,14.37,10.37,14.62,25.41,17.04
1961,2,13,22.5,19.7,19.41,15.34,16.13,14.62,16.08,14.12,13.96,16.58,28.62,19.67
1961,2,14,17.08,11.63,17.25,12.12,13.75,13.46,15.46,12.29,14.88,15.67,14.09,11.42
1961,2,15,6.04,12.08,6.13,4.21,9.87,6.92,5.17,7.41,8.17,9.21,17.12,10.96
1961,2,16,16.79,20.17,12.67,13.25,15.29,15.12,3.42,14.29,14.79,13.79,21.92,22.58
1961,2,17,15.25,14.09,14.75,9.54,14.62,12.92,6.17,12.58,13.25,14.54,18.21,17.67
1961,2,18,12.08,12.38,12.67,6.04,10.71,9.08,10.88,12.38,10,11.34,18.58,13.25
1961,2,19,16.17,15.59,13.7,NaN,13.5,10.96,9.62,11.83,11.58,13.67,29.63,20.54
1961,2,20,11.04,11.08,10.63,8.33,10.92,8.29,7.25,7.75,8.83,11.08,15.09,12.17
1961,2,21,7.79,8.63,6.08,2.21,7.41,4.33,3.75,7.04,4.5,7.41,12.12,6.67
1961,2,22,12.29,13.21,13.54,6.46,11.58,9.21,8.25,10.29,9.21,13.08,15.25,13.21
1961,2,23,22.08,17.46,18.88,12.42,20.5,16.13,16.38,16.92,13.21,18,23.21,21.21
1961,2,24,8.71,7.08,11.38,4.83,5.96,4.58,8.17,4.67,6.21,7,9.59,9.21
1961,2,25,18.84,16.42,17.41,10.21,16.13,11.38,13.08,12.21,12.33,12.5,16.04,13.92
1961,2,26,25.8,21.5,22.42,15.21,23.09,16.88,21.17,17.25,18.46,20.04,22.83,23.87
1961,2,27,11,13.37,11.17,6.87,13.21,8.75,12.75,10.83,10.88,12.67,20,17.54
1961,2,28,12.92,12.75,NaN,8.92,16.13,12.29,14.75,14.46,13.96,14.04,18.41,13.17
1961,3,1,12.67,13.13,11.79,6.42,9.79,8.54,10.25,13.29,NaN,12.21,20.62,NaN
1961,3,2,12.58,10.04,11.17,7.12,10.29,9.21,10.88,10.5,10.58,12.96,18.38,13.79
1961,3,3,13.33,15.54,13.67,9.59,11.58,8.71,11.29,12.83,8.92,14.09,23.45,16.38
1961,3,4,10.96,8.83,8.17,5.88,8.25,6,6.21,5.66,6.25,9.79,12.46,8.83
1961,3,5,11.25,17,10.41,10.04,15.46,11.17,5.5,10.34,11.71,10.83,11.58,14
1961,3,6,4.88,8.08,7.54,3.13,5.41,4.08,2.83,5.29,5.21,5.09,10.21,5.54
1961,3,7,6.46,10.5,8,5.41,10.58,6.58,3.63,6.67,7.08,7.04,16.08,8.75
1961,3,8,7.54,8.33,9.29,8.12,11,10.58,1.71,8.5,8.71,9.71,17.58,15.37
1961,3,9,11.96,13.13,10.17,9.46,14.17,12.67,3.75,9.71,12.46,11.54,17.54,18.16
1961,3,10,10.63,10.17,9.04,5.13,10.5,7.92,8.79,7.92,8.87,10.5,12.29,13.5
1961,3,11,14.79,16.96,15.5,8.46,10,10.92,10.34,15.67,10.58,13.54,22.71,17.08
1961,3,12,NaN,13.88,16.38,10.25,14.92,13.67,17.12,13.7,16.29,15.79,20.5,22.54
1961,3,13,11.21,11.34,12.33,5.63,11.17,10.58,13.96,10.5,13.88,11.5,19.7,18.88
1961,3,14,12.12,15.29,12.75,5.17,9.38,7.04,8.12,11.12,8.75,9.29,20.04,15.71
1961,3,15,11.12,15.54,13.96,8.42,10.88,8.83,11.54,13.54,8.46,13.92,22.13,14.12
1961,3,16,4.92,12.92,5.25,4.29,8.96,7.04,2.75,5.13,6,7.29,20.12,11.42
1961,3,17,15.71,14.71,11.21,8.87,14.37,10.75,13,14.29,13.08,15.34,22.79,19.17
1961,3,18,16.88,15.25,12.29,11.04,13.67,10.54,13.17,10.46,13.5,14.67,19.38,22.95
1961,3,19,11.42,9.46,13.46,6.17,6.83,5.79,7.75,6.5,7.04,9.38,11.29,11.34
1961,3,20,13.75,10.41,12,10.75,11.46,10.29,15.41,10.04,13.67,13.83,14.29,21.09
1961,3,21,9.54,10.58,15.63,7.29,7.54,7.71,8.17,6.58,8.58,10.5,9.38,14.88
1961,3,22,6.34,4.42,5.71,4.42,5.13,4.29,8,4.92,8,9.04,8.25,13.13
1961,3,23,6.38,2.58,4.79,5.13,6.46,7.21,10.88,7.38,9.79,8.33,15.21,18.34
1961,3,24,6.29,7.46,6.75,4.54,8.25,6.25,8.46,10.34,10,10.29,14.42,15.46
1961,3,25,9.67,11.63,10.41,5.58,10.58,9.92,10.75,13.04,11.92,14.5,21.34,21.54
1961,3,26,15,11.63,12.58,8.83,13.33,10.21,13.75,10.54,14.37,13.88,15.37,22.5
1961,3,27,5.88,3.5,5.17,2.75,2.83,3.5,6.75,1.46,6.5,7.12,7.21,15.34
1961,3,28,8.46,10.63,12.04,NaN,7.83,6.79,10.88,10.92,9.54,10.63,18.16,19.58
1961,3,29,18.25,16.29,14.96,12,18.34,14.33,16.62,13.37,17.54,14.21,18.63,16.83
1961,3,30,17.75,12.92,11.79,10.13,16.08,14.21,14.79,14.92,NaN,13.46,15.67,13.17
1961,3,31,8.96,8.04,9.13,8.5,10.75,9.54,11.92,9.59,11.25,8.54,11.96,12.21
1961,4,1,8.38,6.34,8.33,6.75,9.33,9.54,11.67,8.21,11.21,6.46,11.96,7.17
1961,4,2,7.62,4.25,5.09,3.67,4.67,6.25,5.25,4.96,6.83,7,10.71,13
1961,4,3,15.29,8.63,15.67,4.12,10.25,9.04,5.5,8.54,7.58,4.96,11.08,9.38
1961,4,4,13.92,13.67,13.88,6.75,9.79,6.38,6,8.54,7.67,8.08,14.5,11.92
1961,4,5,18.12,14.62,18.29,10.63,13.33,10.83,9.25,8.21,10.34,8.5,17.16,13.13
1961,4,6,4.5,8.21,9.29,3.21,5.96,4.33,5,7.33,6.13,6.54,10.25,11.5
1961,4,7,8.21,7.04,13.75,3.75,6,5,5.33,4,5.66,3.67,7.62,7.21
1961,4,8,10.34,11.29,11.29,4.42,9.38,7.67,8.71,10.08,9.21,8.42,11.25,11.12
1961,4,9,13.37,11.12,13.08,8.83,11.75,10.21,9.96,9.59,10.54,10.5,10.13,15.34
1961,4,10,5.75,4.83,8.25,3,5.88,4.25,5.21,3.58,6,4.58,7.62,11.25
1961,4,11,10.5,12.25,12.58,6.96,8.71,8.58,5.66,9.92,9,9.67,16.17,12.87
1961,4,12,10.63,10.04,11.38,5.13,5.71,5.13,6.54,4.75,4.5,5.17,8.5,6.38
1961,4,13,15.5,9.29,15.79,9.71,7.29,7.17,8,4.75,7.87,7.58,7.17,5.66
1961,4,14,10.5,6.17,4.5,5,8.67,5,4.29,4.5,5.71,7.79,8.5,7.71
1961,4,15,5.17,6.42,3.92,2.67,3.37,1.54,2.46,2.29,3.58,4,5.75,6.79
1961,4,16,4.71,7,5.09,2.33,5.21,2.96,2.88,5.17,3.37,4.46,12.67,10.17
1961,4,17,4,3.71,3.33,1.58,2.21,0.83,4.46,2.54,3.58,3.83,10.04,7.25
1961,4,18,10.83,12.42,6.04,5.5,11.92,7.08,5.66,9.96,7.46,9.46,12.92,11.58
1961,4,19,16.71,13.96,14.67,11.42,14.37,11.63,12.96,13.25,13.29,14.37,19.21,20.46
1961,4,20,21.09,15.41,17,11.63,13.25,11.17,12.25,10.54,11.29,11.58,18.05,20.08
1961,4,21,15.34,14.04,15.87,9.79,11.71,8.79,9.5,12.25,9,9.87,17.54,12.29
1961,4,22,8.17,5.66,6.92,4.79,7.87,5.09,7.46,4.83,4.88,7.12,6.75,4.96
1961,4,23,12.21,7.87,7.96,9.67,11.17,10,10.71,10.41,11.87,10.63,10.83,10.67
1961,4,24,9.54,8.04,9.13,4.79,7.54,5.75,5.25,7.08,6,7.62,9.87,8.46
1961,4,25,14.04,11.96,14.96,7.87,10.75,8.83,13.75,11.96,11.08,11.46,12.17,17.5
1961,4,26,16.29,14.46,6.92,5.88,12.62,7.46,6,6.34,7.54,6,8.33,12.12
1961,4,27,4.08,7.04,7.92,3.83,3.88,3.13,6.25,3.17,5.41,4.71,7.29,7.75
1961,4,28,5.58,6.5,2.54,1.87,4.21,1.54,2.67,1.38,2.54,2.71,5.13,3.21
1961,4,29,9.62,9.59,6.96,3.83,6.83,3.88,4.04,6.46,4.17,4.12,13.04,2.67
1961,4,30,11.67,11,9.54,5.54,9.42,5.79,5.09,8.25,6.96,6.25,12.21,8.75
1961,5,1,15.87,13.88,15.37,9.79,13.46,10.17,9.96,14.04,9.75,9.92,18.63,11.12
1961,5,2,19.04,14.83,14.92,8.67,15.63,11.63,10.46,9.75,11.21,10.71,12.96,12.67
1961,5,3,11,10.92,12.87,8.67,10.58,8.42,9.5,10.04,9.62,9.42,15.46,12.25
1961,5,4,9.87,10.29,8.42,7.5,9.42,7.33,5.96,6.25,7.79,8.92,4.79,3.83
1961,5,5,10.63,10.37,9.17,6.46,9.83,8,9.13,9.87,10.04,8.63,16.29,12.42
1961,5,6,23,19.79,21.21,14.12,22.34,15.04,16.83,17.71,16.29,17.54,28.08,23.13
1961,5,7,18.16,17.71,14.88,14.46,23.16,15.46,18.21,18.05,17.04,15.96,26.63,26.58
1961,5,8,12.79,10.08,12.33,10.75,15.71,14.04,18.58,15.79,17.33,17.92,18.66,26.3
1961,5,9,6.04,3.96,7,3.83,4.17,4,7.25,3.37,7.08,9.21,6.54,11.38
1961,5,10,4.79,6.21,4.63,1.04,3.42,1.17,3.33,3.79,2.46,1.83,7.58,3.88
1961,5,11,3.54,7.54,5.33,2.08,5.25,1.58,3.67,3.71,2.62,3.04,9.25,5.96
1961,5,12,7,15.12,9.17,4.54,11.21,5.91,NaN,4.04,5.25,4.38,10.63,9.5
1961,5,13,11,11.54,11.71,8.83,12.83,9.92,5.21,8.71,7.92,8.63,9.17,12.33
1961,5,14,9.25,6.54,7.04,6,11.46,8.12,10.04,9.96,10.04,9.75,11.12,3.33
1961,5,15,9.62,3.92,9.75,3.88,5.63,3.46,5.91,5.88,6.38,6.25,6.63,8.42
1961,5,16,15.04,10.17,15.25,5.17,12.92,6.79,8.38,11.12,9.46,9.17,12,13.7
1961,5,17,10,6.54,15.63,4.88,8.21,6.75,5.83,7.38,8,7.96,9.46,8.21
1961,5,18,4.88,3.58,15.96,3.71,6.34,3.83,5.04,3.79,5,4.17,7.29,5.91
1961,5,19,5,5.29,5.91,3.63,7.25,4.17,6.83,6.79,7.17,9.29,10.83,14.96
1961,5,20,6.21,NaN,10.13,4.83,7.33,5.66,4.71,7.58,7,8.67,10.41,12.75
1961,5,21,6.83,4.29,11.67,3.71,5.5,4.5,3.17,6.25,4.92,4.29,10.75,10.34
1961,5,22,6.25,3.67,5.33,2.5,4.17,3.79,2.42,4.21,4.63,5.37,8.21,10.92
1961,5,23,4.96,3.96,3.58,2.42,3.75,2.25,3.13,2.83,4.5,5.54,6.13,8.67
1961,5,24,5.54,5.96,3.71,3.37,3.92,1.63,4,3.37,4.92,6.5,8.83,12.29
1961,5,25,7.67,11.17,13.13,5.5,9.13,6.04,6.79,7.96,7.33,10.46,13.88,17.04
1961,5,26,11.79,12.5,20.96,NaN,10.21,6.5,9.33,12.08,9.59,11.46,14.33,16.58
1961,5,27,10.92,6.79,6.46,5.41,10,5.25,4.92,7.04,7.29,8.25,10.46,8
1961,5,28,9.96,7.67,6.42,3.29,7.41,3.33,5.41,6.42,4.5,5.17,11.79,8.38
1961,5,29,12.04,6.67,15.96,9.87,8.04,8.46,11.71,9.21,11.17,12.04,11.54,17.96
1961,5,30,10,4.75,9.21,3.42,7.67,5.25,5.83,7.21,6.34,5.91,8.71,12.92
1961,5,31,7,9.79,12.25,4.83,8.25,5.37,6.58,9.29,6.58,7.12,11.87,10.63
1961,6,1,15.92,9.59,12.04,8.79,11.54,6.04,9.75,8.29,9.33,10.34,10.67,12.12
1961,6,2,11.29,6.34,6.92,6.71,12.12,7.79,7.92,8.71,9.83,9.17,12.42,15.71
1961,6,3,7.5,8.29,6.83,5.88,12.87,7.08,10.41,7.87,10.46,10.34,13.88,14.42
1961,6,4,8.5,6.42,7.25,4.67,7.79,5.17,6.21,9.87,7.29,8.33,17,11.42
1961,6,5,11.58,11.54,7.5,5.66,9.96,6.04,3.42,9.17,8.08,10.92,16.17,12.29
1961,6,6,8.33,8.54,6.13,3.21,8.58,5.17,4.21,7.96,6.92,6.71,11.42,8.75
1961,6,7,11.92,9.42,8.96,6.34,13.13,8.63,8.17,9.71,9.59,9.87,13.25,16.38
1961,6,8,12.17,8.87,8.17,6.92,11.92,7.46,9.54,9.59,10.58,10.37,11.21,19.83
1961,6,9,9.71,7.79,8.29,4.29,7.75,4.38,8.29,4.38,8.08,8.83,7.79,14.21
1961,6,10,14.42,9.96,11.58,6.79,11.54,4.67,9.71,4.25,7.58,6.87,5.83,8.33
1961,6,11,8.29,6.83,6.04,3.29,7.33,1.87,6.25,3.13,5.41,5.21,5.37,5.96
1961,6,12,9.25,7.08,13.46,5.17,5.66,3.63,9.17,2.88,6.5,6.83,7.29,11.34
1961,6,13,6.13,4.12,6.5,2.92,3.5,1.58,4.67,3.63,4.21,3.08,7.71,6.13
1961,6,14,8.33,12.42,8.71,6.79,11.87,7.12,5.66,8.63,8.08,10.25,20.21,11.83
1961,6,15,9.96,8.17,10.54,5.88,10.25,6.92,8.25,9.29,9.5,9.25,14.58,13.96
1961,6,16,13.88,14.54,13.75,8.29,13.29,10,10.54,16.54,11.54,14.71,25.25,20.88
1961,6,17,14.33,11.34,15.5,9.42,12.33,9.04,12.96,9.5,11,10.5,14.67,16.33
1961,6,18,12.12,9.29,7.67,7.17,14.92,10.34,13.7,13.25,12.12,12.54,17.75,24.71
1961,6,19,8.92,6.38,7.67,6.42,11.34,7.75,10.37,9.38,10.29,10.17,12.92,16.88
1961,6,20,4,3.25,5.13,2.88,8.58,4.46,7.92,6.34,6.5,7.83,11,14.25
1961,6,21,8.54,9.5,10.37,6.63,11.5,7.33,10.54,9.83,9.54,10.17,14.71,13.75
1961,6,22,8.83,6.25,6.38,6.42,11.96,8.58,13.29,9.29,11.54,11,13.25,18.91
1961,6,23,5.71,4.21,7.79,5.29,11.58,7.33,14.21,7.38,11.46,11.63,14.96,21.5
1961,6,24,6.42,4.92,9.33,4.75,12.17,8.33,14.88,11.87,12.92,15,19.08,20.75
1961,6,25,9,8.25,9.92,5.96,13.21,8.67,11.87,12.04,10.96,13,14.67,15.83
1961,6,26,13.13,11.42,7.62,7.08,12.42,5.96,8.38,7.75,9.67,10.04,10.83,11.63
1961,6,27,9,6.34,8,5.71,8.04,6.96,10.54,8.96,10.41,10.37,13.29,16.79
1961,6,28,7.75,9.71,9.21,5.83,11.12,6.25,8.79,12.83,7.38,11.58,19.92,16.38
1961,6,29,NaN,10.46,7.96,6.79,12.62,7.08,8.33,9.46,7.08,10.92,20.88,10.79
1961,6,30,12.29,14.37,10.79,10.54,13.83,9.59,4.92,13.7,8.75,12.38,21.87,NaN
1961,7,1,7.21,6.83,7.71,4.42,8.46,4.79,6.71,6,5.79,7.96,6.96,8.71
1961,7,2,12.04,7.25,9.25,7.04,10.34,4.92,5.83,5.96,6.25,8.63,8,8.5
1961,7,3,15.34,10.58,12.17,10.08,18.58,11.38,15.75,14.33,15.46,16.79,20.41,21.29
1961,7,4,17.5,10.75,14.92,12,12.62,9.62,14.92,11.08,13.13,13.5,12.46,19.67
1961,7,5,11.5,4.96,7.62,5.83,8.92,6.17,10.08,5.58,8.08,8.75,7.08,12.42
1961,7,6,8,3.75,7.62,3.54,8,4.58,7.08,6.87,6.25,6.21,10.21,12.08
1961,7,7,11.17,7.21,7.41,8.12,14.29,9.75,NaN,9.96,13.04,11.54,15.34,17.41
1961,7,8,11.21,7.58,7.83,7.87,14.42,8.38,14.04,10.96,11.63,9.33,11.83,16.04
1961,7,9,7.29,5.71,7.67,5.37,10.63,6,9.46,6.38,7.54,7.71,8.21,13
1961,7,10,8.63,7.87,9.33,5.58,9.46,3.46,2.67,2.96,2.92,4.25,5.04,5.96
1961,7,11,11.08,11.42,10.37,6.87,9.46,5.63,7.41,8.17,6.5,8.38,10.21,13.29
1961,7,12,19.46,16.88,12.29,10.08,15.04,8.83,9.08,11.75,10.5,10.71,17.21,9.92
1961,7,13,16.75,13.79,12.92,12.33,19.95,13.17,16.83,16.17,15.37,14.92,20.25,21.96
1961,7,14,22.5,19.29,14.29,12.42,20.88,10.17,11.83,12.33,10.63,10.88,15.63,14
1961,7,15,16.92,14.5,8,7.62,12.21,7.92,10.25,10.96,8.92,10.17,14.09,9.92
1961,7,16,21.42,10.88,11,10.04,14.67,9.71,13.13,11.21,11.87,11.79,12.21,12.62
1961,7,17,4.25,3.08,5.46,1.46,5.04,1.96,7.08,5.21,5.66,7.62,6.17,9.13
1961,7,18,4.38,6.79,5.29,4.63,7.33,3.88,4.96,7.79,6.5,7.75,9.79,10.83
1961,7,19,5.17,3.42,6.63,2.96,6.75,2.92,3.5,7.29,5.58,7,10.13,10.92
1961,7,20,5.88,2.92,4.08,2.42,6.21,2.71,3.04,5.46,5.63,5.37,7.29,8.33
1961,7,21,3.33,4.58,6.96,4.67,5.75,2.79,2.21,5.13,4.25,5.09,7.08,8.25
1961,7,22,3.37,5.29,6.08,3.67,5.54,2.58,4.75,5.25,5.46,5.54,8,6.04
1961,7,23,3.04,3.71,12.67,3.29,6.17,2.17,2.21,3.37,4,3.92,4.21,5.41
1961,7,24,7,4.63,6.42,2.83,4.96,2.92,3.58,4.17,2.21,4.92,9.25,6.13
1961,7,25,15.92,13.79,15.67,8.63,14.33,9.33,12.29,14.09,11.63,15.37,22.17,19.5
1961,7,26,11.46,7.5,10.46,9.92,17.5,13.5,18.79,15.16,15.59,15.75,19.38,25.37
1961,7,27,10.13,8.83,6.79,3.75,9.5,4.54,7.87,6.46,6.83,6.63,7.87,13
1961,7,28,16.08,9.13,10.29,7.33,10.54,7.33,9.67,8.67,9.33,8.87,9.38,13.75
1961,7,29,7.21,4.83,6.67,3.42,5.96,3.67,5.79,6.67,5.09,6.54,11.17,9.25
1961,7,30,6.13,10.41,9.17,4.21,7.75,4.58,6.04,9.17,5.58,8.21,10.67,9.33
1961,7,31,7.67,6.71,9.38,4.17,5.25,2.79,3.75,2.25,3.17,5.54,6.17,9.67
1961,8,1,9.59,5.09,5.54,4.63,8.29,5.25,4.21,5.25,5.37,5.41,8.38,9.08
1961,8,2,10,5.58,6.71,6,8.96,6.67,8.87,7.12,7.79,8.75,8.71,11.87
1961,8,3,16.08,15.79,15.59,8.96,16.92,10.21,11.92,13.04,11.12,12.83,18.54,17.54
1961,8,4,11,9.21,10.58,7.54,13.17,9.62,13.54,11.79,11.67,10.21,16.04,20.25
1961,8,5,13.37,12.46,12.79,6.54,15.5,9,10.54,11.29,10.5,11.92,15.41,17.12
1961,8,6,8.38,6.71,8.42,5.83,10.04,6.75,7.87,7.12,6.46,8,7.92,10.79
1961,8,7,2.88,4.42,6.34,3.04,6.58,3.96,3.88,5.04,3.17,5.71,9.83,5.88
1961,8,8,14.21,9.87,11.63,6.42,12.38,6.96,10.63,7.12,7.38,7.79,10.08,6.83
1961,8,9,12.96,10,11.29,6.46,14.58,8.96,11.25,10.37,8.87,9.33,12.5,10.46
1961,8,10,6.63,6.71,6,2.5,7.58,3.58,4.67,8.33,2.83,5.41,9.96,10.96
1961,8,11,NaN,6.75,8.29,5,8.58,4.83,6.83,6.25,5.79,5.25,5.88,8.38
1961,8,12,10.71,8.71,8.92,4.38,8.29,5.83,6.83,8.25,5.88,NaN,14.29,13.21
1961,8,13,12.96,9.13,8.63,7.75,12.75,8,10.92,10.79,10.08,9.92,14,15.16
1961,8,14,16.42,10.88,9.87,8.79,16.21,11.46,15.09,13.37,12.87,12.92,15.37,NaN
1961,8,15,15.34,8.75,10.54,6.83,12.96,7.54,9.42,8.92,8.79,9.13,9.59,13.04
1961,8,16,13.13,7.25,9.17,8.21,13.29,9.04,12.96,10.54,10.54,12,11,16.08
1961,8,17,13.62,8.17,9.71,7,14.25,8.83,10.21,10.5,10.79,11.25,15.5,14.62
1961,8,18,18.91,12.87,11.46,11.79,20.38,14.25,19.04,17.71,16.13,17.83,21.92,24.3
1961,8,19,18.08,12.42,12.67,10.58,15.87,11.54,13.21,11.04,12.46,11.79,13.79,15.59
1961,8,20,13.75,13.62,14.04,7,13.88,10.25,12.58,9.92,10.88,10.79,17.29,16.13
1961,8,21,18.16,14.58,14.62,11.67,21.04,15.34,19,17.79,17.5,15.46,20.21,22.29
1961,8,22,13.33,8.58,9.5,7.67,13.83,9.5,12.08,9.83,10.75,9.96,12.87,15.37
1961,8,23,9.62,8.92,10.46,3.96,9.46,6.79,8.17,7.96,7.08,8,10.04,12.62
1961,8,24,7.67,6.87,9.67,5.46,7.46,4.25,5.66,4.5,3.96,7.46,5.75,8.29
1961,8,25,14.33,13.59,17.83,8.21,12.17,9.67,10.92,14,9.59,15.21,19.55,16.17
1961,8,26,12.38,13.88,14.09,6.71,15.5,10.29,9.79,14.5,10.13,15.5,21.96,20.04
1961,8,27,11.25,13.59,13.21,6.08,13.29,10.13,12.12,16.83,9.71,15.96,23.38,20.62
1961,8,28,13.37,22,12.75,12.42,17.62,13.08,9.08,14.58,13.5,12.92,20.75,16.79
1961,8,29,14.46,16.04,12.75,9.17,19.21,12.12,14.12,16.54,12,16.13,24.71,22.54
1961,8,30,3.63,4.67,4.88,2.37,5.63,3.17,4.58,7.58,4.58,6.96,14.33,10.34
1961,8,31,4.83,7.04,2.46,3.25,8.5,4.83,2.92,6.42,4.29,6.54,17.16,8
1961,9,1,5.58,1.13,4.96,3.04,4.25,2.25,4.63,2.71,3.67,6,4.79,5.41
1961,9,2,7.25,3.58,2.42,3.5,6.96,3.13,3.83,6.58,3.92,5.96,7.12,6.96
1961,9,3,11.63,7.29,7,5.75,5.58,5.37,5.88,5.88,5.25,7.96,6.79,7.12
1961,9,4,6.79,3.04,4.79,3.17,4.75,2.17,1.25,2.21,2.96,1.75,5.41,3.37
1961,9,5,12.67,10,6.38,5.83,10.41,5.83,9.38,8.54,9.04,9.96,13.62,15.04
1961,9,6,17.62,12.54,11.58,10.17,14.54,9.13,14.09,10.79,12.71,11.71,15.83,20.25
1961,9,7,9.21,3.92,7.58,5.83,7.54,5.96,7.87,4.88,7.04,7.41,5.66,10.83
1961,9,8,5.75,9.71,3.63,2.75,7.67,2.67,3.17,4.42,2.5,4.21,8.25,5.79
1961,9,9,16.75,13.59,14.88,10.5,11.42,9.83,6.92,9.5,9.71,10.96,13.92,15
1961,9,10,5,8.79,8.46,4.17,8.29,4.21,4.83,6.38,4.88,6.96,12.21,6.96
1961,9,11,9.87,8.42,7.29,5.46,12.12,7.92,8.63,8.75,8.75,9.67,13.92,14.67
1961,9,12,20.75,18.66,16.66,10.75,15.75,10.96,11.08,14.5,10.34,12.92,23.91,16.71
1961,9,13,16.71,13.96,15.21,9.67,14.62,10.25,11.75,13.42,9.71,13,21.37,15.71
1961,9,14,18,16.88,15.54,9.71,15.21,11.12,12.75,13.79,12.21,13.54,23.91,18.25
1961,9,15,20.71,13.96,20,12.46,13.7,11.08,13,12.92,11.58,14.83,18.63,17.71
1961,9,16,28.75,22.08,26.5,21.09,28.5,20.67,20.79,21.37,21.34,25.21,23.45,33.09
1961,9,17,5.33,7.12,8.12,3.96,8.29,5.58,7.87,7.17,5.88,10.71,13.96,16.75
1961,9,18,9.75,4.21,NaN,NaN,5.79,4.46,4.17,NaN,4.33,6.21,7.21,9.21
1961,9,19,8.5,8.25,12.17,7.17,11.54,7.54,8.17,7.96,7.33,10.71,9.08,11.04
1961,9,20,7.08,2.92,5.33,2.62,3.88,1.63,4.79,1.46,2.83,2.83,4.54,5.25
1961,9,21,6.92,7.75,7.79,4.12,7.75,4.25,6.46,7.5,4.38,6.63,13.17,7.12
1961,9,22,9,13.62,6.46,5.41,12.92,7.75,4.12,11.63,6.08,7.67,20.96,14.62
1961,9,23,10.25,7.29,8.17,5.83,8.12,6.46,6.08,7.33,6.08,7.5,10.46,12.04
1961,9,24,8,6.04,8.04,3.96,7.5,3.21,5.91,5.41,4.21,6.04,11.71,9.42
1961,9,25,10.34,12.92,8.87,5.79,11.58,8,8.92,12.5,8.04,13,20.17,16.21
1961,9,26,18.46,13.13,15.87,10.17,13.46,10.37,12.46,11.38,10.04,13.5,17.75,15.83
1961,9,27,11.34,6.96,9.38,6,11.25,6.34,8.08,6.25,7,10.13,14.29,14.29
1961,9,28,15.59,8.67,14.71,7.87,11.29,7.75,9.13,6.21,8.71,9.5,7.79,10.13
1961,9,29,19.12,13.62,17.16,9.59,14.67,9.13,9.21,12.38,9.25,14,20.3,15.71
1961,9,30,23.21,NaN,17.58,11.17,20.75,12,10.96,15.34,12.08,17.46,21.37,17.16
1961,10,1,14.25,12.87,7.87,8,13,7.75,5.83,9,7.08,5.29,11.79,4.04
1961,10,2,14.09,8.67,13.54,8.54,9.62,9.42,8.71,9,10.58,12.12,7.58,19.62
1961,10,3,4.29,4,4.96,2.13,3.75,1.79,4.04,2.75,2.42,3.88,4.96,4.83
1961,10,4,3.13,4.42,6.13,1.46,3.79,1.04,3.5,1.87,1.42,2.42,4.92,6.5
1961,10,5,9.75,3.63,8.71,2.83,5.91,3.04,5.63,3.96,4,6.17,4.79,8.33
1961,10,6,16.04,16.96,17.83,9.79,9.75,9.71,12.96,9.5,8.67,11.96,9.96,14.42
1961,10,7,16.08,11.75,9.71,5.46,11.38,5.41,6.87,6.96,3.25,4.88,11.63,9.92
1961,10,8,15.37,11.87,10.29,6.63,13.59,8.46,10.17,9.5,9.21,12.21,17.83,16.25
1961,10,9,17.12,12.71,20.96,9.38,10.58,8.25,9.04,9.17,7.46,10.21,8.54,12.83
1961,10,10,14.46,13.25,11.46,9.42,13.17,11.04,11.75,12.38,11.12,15.21,20.46,19.41
1961,10,11,11.96,10.13,10.13,7.79,13.54,9.13,12.71,8.79,10,12,18.91,21.04
1961,10,12,NaN,8.71,4.67,3.67,9.08,6.54,5.58,6.38,4,5.37,12.46,10.75
1961,10,13,10.25,10.34,7.92,6.58,11.29,8.67,9.92,5.96,6.46,7.38,12.5,11.96
1961,10,14,3.71,6.13,4.38,4.63,7.29,4.92,2.96,4.88,3.13,5.71,13,12.87
1961,10,15,7.79,6.87,4.21,4.58,9.46,7.21,9,7.75,8.42,10.58,15.29,17.96
1961,10,16,12.58,12.67,9.92,9.21,15.63,9.42,14.58,12.42,12.58,12.92,19.58,24.62
1961,10,17,28.62,19.46,19.67,19.38,22.46,16.42,22.17,20.17,18,23.13,24.71,32.63
1961,10,18,28.33,18.29,22.63,17.83,18.08,11.96,21.84,17.33,16.17,26.38,24.21,33.45
1961,10,19,17.12,12.67,16.5,9.59,10.25,8.29,13.21,10.63,12,13.13,13.96,23
1961,10,20,12.67,3.75,10.37,9.42,7.75,7.21,12.08,6.87,9.83,13,11.71,21.67
1961,10,21,10.46,7.83,10.71,6.83,9.54,6.83,7.5,6.08,7.38,11.08,10.88,13.46
1961,10,22,25.04,18.88,21,16.08,22.25,14.92,17.58,14.42,15.87,15.59,17.29,16.66
1961,10,23,19.25,15.41,15.59,10.79,17.67,12.17,16.21,13.25,14.12,17.75,22.29,25
1961,10,24,26.42,21.25,23.09,16.54,24.41,15.46,17.96,18.46,NaN,22.13,27.29,30.88
1961,10,25,21.34,17,22.88,13.62,18.21,13.21,18.34,12.12,15.37,17.46,17.12,25.12
1961,10,26,16.29,11.29,17.41,6.58,12.21,8.92,9.79,10.13,8.54,12.12,13.08,12.75
1961,10,27,18.41,12.08,13,7.41,12,7.79,7.79,8.83,8.54,8.71,12,11.96
1961,10,28,6.5,3.29,4.79,2.21,4.58,2.62,9.75,3.71,5.79,6.67,8.5,13.29
1961,10,29,4.33,2.75,5.5,1.71,4.46,2.33,9.42,2.62,4.25,5.83,8.87,9.83
1961,10,30,9.42,8.71,10.5,6.38,11.63,8.71,14.88,10.58,11.08,11.92,17.25,20.62
1961,10,31,13.62,10.75,13,8.33,11.5,9.71,15.25,11.96,11.54,11.92,17.75,14.92
1961,11,1,13.21,13.13,14.33,8.54,12.17,10.21,13.08,12.17,10.92,13.54,20.17,20.04
1961,11,2,15.79,13.46,10.13,11.79,17.25,12.21,15.83,14,15.09,15.79,19.79,23.58
1961,11,3,9.75,4.83,10.25,6.63,7.29,6.92,11.21,5.75,7.83,8.92,10.96,23.13
1961,11,4,5.88,3.96,6.54,3.79,6,4.33,8.5,4.21,5.71,7.67,10.29,13.37
1961,11,5,13.33,12.29,11.04,7.33,10.04,8.58,10.79,11.12,9.04,13.29,18.05,18.71
1961,11,6,7.96,5.83,4.83,3.04,7.92,4.71,8.21,6.63,6.08,8.12,12.58,13.5
1961,11,7,11.83,9.04,12.58,5.13,10,6.42,9.29,6.58,7.38,10.88,11.12,13.46
1961,11,8,5.46,5.5,5.29,2.71,7.33,4.33,6.58,2.71,5.33,5.5,7.67,9.71
1961,11,9,7.71,6.21,3.83,1.87,6.21,3.33,8.21,1.42,3.37,3.71,6.34,6.63
1961,11,10,9.13,6.63,6.92,2.5,3.37,2.04,7.71,2,1.33,2.62,6.13,5.71
1961,11,11,16.08,10.75,20.41,8.79,8.42,5.17,12.12,5,5.71,5.96,9.62,11.46
1961,11,12,14.83,9.87,18.05,8.58,8.12,3.54,13.04,5.46,7.12,8.12,11,15.54
1961,11,13,15,13,32.71,13.33,9.59,10.13,21.87,10.04,10.37,14.04,9.25,13.25
1961,11,14,10.67,10.67,26.63,9.71,8.08,8.42,15.71,4.92,7.5,9.13,5.5,2.75
1961,11,15,8.58,5.5,15.71,5.17,8.17,3.29,6,2.83,4.38,4.21,3.83,3.58
1961,11,16,7.5,4.21,9,2.42,5.04,1.83,2.29,1.04,0.75,2,0.71,7.08
1961,11,17,8.71,5.33,6.46,1.5,5.66,1.25,3.13,0.63,0.92,1.25,2.71,2
1961,11,18,13.67,9.33,14.29,5.41,10.25,7.62,9.29,7.75,4.71,5.71,9.59,5.37
1961,11,19,11.46,7.62,14.12,4.25,10.13,5.91,9.33,5.17,2.88,5.88,9.54,6.13
1961,11,20,10.83,3.29,14.46,4.5,7.96,4.71,13.04,7.67,6.5,7.87,7.71,8.71
1961,11,21,14.29,4.96,10.46,4.21,6,4.54,7,4.96,4.88,8.33,6.5,8.71
1961,11,22,6.46,4.33,8.96,4.83,7.62,5.5,9.17,3.42,4.67,7.38,7.08,10.34
1961,11,23,9,9.83,6.34,6.25,10.13,7.41,15.41,9.08,9.33,12.42,20.46,22.58
1961,11,24,11.5,11.79,10.96,7.96,12.75,9.83,16.17,10,10.04,14.12,17.37,18.58
1961,11,25,5.75,7.12,5.04,5,9.04,6.25,11.83,6.38,6.79,10.04,12.71,15.96
1961,11,26,6.25,10.04,4.42,2.04,8.83,6.29,NaN,6.96,3.71,6.92,10.58,4.25
1961,11,27,7.92,4.67,10.58,4.71,4.17,2.29,5.83,1.92,2.25,3.63,5.5,5.88
1961,11,28,8.92,10.21,8.25,5.21,10.96,8.63,12.79,9.46,8.83,11.17,18.96,19.46
1961,11,29,15.67,15.67,13,9.71,15.29,10.79,15.29,11.5,11.25,13,19.04,21.29
1961,11,30,23.75,18.71,19.92,14.46,19.92,11.04,16.5,8.63,12.58,10.29,12.54,13.62
1961,12,1,9.67,7.75,8,3.96,6,2.75,7.25,2.5,5.58,5.58,7.79,11.17
1961,12,2,8.58,5.96,8.83,4.17,8.33,5.79,12.21,3.46,5.66,7.71,8.17,17.29
1961,12,3,13.75,10.13,11.79,3.29,7.83,6.79,7.67,6.25,5.46,4,8.25,14.37
1961,12,4,22.83,17,19.79,10.37,13.54,12.75,13.79,15.29,9.83,14.5,21.79,19.21
1961,12,5,17.67,14.09,14.92,12.92,13.33,11.83,17.83,11.92,15.12,15.41,19.21,29.33
1961,12,6,11.92,9.21,10.92,6.5,7.79,5.5,12.62,3.13,8.29,7.87,10.71,13.67
1961,12,7,17.96,15.83,12.17,4.5,13.59,8.04,8.87,8.04,5.09,5.75,12.21,7.58
1961,12,8,16.62,12.08,20.54,9.21,12.96,14.54,19.83,10,11.92,15.5,16.33,19.41
1961,12,9,10.83,10.96,9.71,3.83,9.21,7.12,10.04,6.96,7.08,9.67,11.08,9.08
1961,12,10,23.71,21.37,20.17,13.04,18.08,13.17,18.84,15.46,12.46,15.46,20.5,15.41
1961,12,11,21.34,16.38,19,13.62,20,14.83,25.62,14.5,17.25,17.41,22.83,18.34
1961,12,12,15.46,14.88,14.67,6.63,15.46,12.96,16.83,13.46,12.38,13.54,18.34,16.13
1961,12,13,16.25,11.96,16.04,9.83,14.62,11.34,16.66,11.46,11.79,13.59,16.79,18.16
1961,12,14,11.34,17.62,9.71,6.92,14.92,10.63,9.38,9.08,7.75,7.04,14.33,15.09
1961,12,15,18.05,15.71,16.66,12.92,16.75,16.42,10.71,12.5,13.59,13.62,20.62,21.12
1961,12,16,9.29,8.63,9.04,6.5,9.5,7.04,6.92,5.46,7.12,7.54,7.38,6.5
1961,12,17,13.17,9.13,10.92,4.46,8.83,8.67,9.54,6.54,4.71,4.67,5.5,7.17
1961,12,18,12.17,11.63,8.08,1.79,8.71,6.63,4.79,3.88,3.79,3.88,5.83,5.91
1961,12,19,12.38,10.88,8.96,0.58,7.33,2.83,3.54,5.04,1.71,5.75,6.67,5.66
1961,12,20,11.46,9.79,8.63,2.54,7.5,3.37,3.63,3.46,1.25,5.41,5.29,3.92
1961,12,21,13.13,10,8.83,3.21,9.96,3.96,4.33,3.71,2.75,2.46,6.5,2.62
1961,12,22,16.21,11.87,15,7.62,14.12,9.75,13.59,10.04,8.25,9.17,12.83,12.38
1961,12,23,24.41,16.13,22.13,15.59,20.38,13.59,18.12,14.33,12.54,15.34,17.67,16.62
1961,12,24,20.54,13.5,18.25,9.17,15.5,9.46,8.5,8.63,8.33,11.87,14.92,10.04
1961,12,25,19.58,10.29,18.34,6.5,11.34,8.12,11.92,11.92,10.37,9.54,13.21,13.62
1961,12,26,20.54,16.04,20.91,8.33,11.21,7.08,17.12,12.75,9.04,10.83,13.21,11.34
1961,12,27,9.25,5.21,9.04,4.08,5.91,1.83,2.92,1.87,1.83,1.96,3.75,6.63
1961,12,28,5.04,3.08,2.13,0.42,3.67,2.42,8.96,4.17,3.33,7.41,9.96,15.21
1961,12,29,14.33,13.83,23.21,11.25,9.83,7.25,15,8.42,8.25,10.79,10.54,14.62
1961,12,30,16.83,10.25,29.33,11.79,9.17,7.41,17.29,5.75,9.38,9.59,9.17,13.79
1961,12,31,9.87,7.83,7.67,3.75,5.66,3.5,10.04,3.08,5.04,3.79,8.04,14.67